Year,Number.thousands,realGDPperCap,PopulationK,percentile,income
1947,37237,14117.323879,144126,20,14243
1947,37237,14117.323879,144126,40,22984
1947,37237,14117.323879,144126,60,31166
1947,37237,14117.323879,144126,80,44223
1947,37237,14117.323879,144126,50,26764.1428781121
1947,37237,14117.323879,144126,90,41477
1947,37237,14117.323879,144126,95,54172
1947,37237,14117.323879,144126,99,134415
1947,37237,14117.323879,144126,99.5,203001
1947,37237,14117.323879,144126,99.9,479022
1947,37237,14117.323879,144126,99.99,1584506
1948,38624,14451.938244,146631,20,13779
1948,38624,14451.938244,146631,40,22655
1948,38624,14451.938244,146631,60,30248
1948,38624,14451.938244,146631,80,42196
1948,38624,14451.938244,146631,50,26177.6324368725
1948,38624,14451.938244,146631,90,43459
1948,38624,14451.938244,146631,95,58911
1948,38624,14451.938244,146631,99,136814
1948,38624,14451.938244,146631,99.5,210991
1948,38624,14451.938244,146631,99.9,504131
1948,38624,14451.938244,146631,99.99,1687123
1949,39303,14126.806282,149188,20,13007
1949,39303,14126.806282,149188,40,22221
1949,39303,14126.806282,149188,60,29977
1949,39303,14126.806282,149188,80,42361
1949,39303,14126.806282,149188,50,25809.2796683673
1949,39303,14126.806282,149188,90,43923
1949,39303,14126.806282,149188,95,58971
1949,39303,14126.806282,149188,99,130037
1949,39303,14126.806282,149188,99.5,197117
1949,39303,14126.806282,149188,99.9,467824
1949,39303,14126.806282,149188,99.99,1539131
1950,39929,15105.173951,151684,20,13829
1950,39929,15105.173951,151684,40,23779
1950,39929,15105.173951,151684,60,31647
1950,39929,15105.173951,151684,80,43986
1950,39929,15105.173951,151684,50,27432.353398861
1950,39929,15105.173951,151684,90,48465
1950,39929,15105.173951,151684,95,61084
1950,39929,15105.173951,151684,99,147986
1950,39929,15105.173951,151684,99.5,230773
1950,39929,15105.173951,151684,99.9,565506
1950,39929,15105.173951,151684,99.99,1582089
1951,40578,16046.851126,154287,20,15070
1951,40578,16046.851126,154287,40,24569
1951,40578,16046.851126,154287,60,32501
1951,40578,16046.851126,154287,80,44376
1951,40578,16046.851126,154287,50,28258.0443236966
1951,40578,16046.851126,154287,90,48655
1951,40578,16046.851126,154287,95,61967
1951,40578,16046.851126,154287,99,148725
1951,40578,16046.851126,154287,99.5,222276
1951,40578,16046.851126,154287,99.9,530408
1951,40578,16046.851126,154287,99.99,1780264
1952,40832,16416.465324,156954,20,15557
1952,40832,16416.465324,156954,40,25165
1952,40832,16416.465324,156954,60,34046
1952,40832,16416.465324,156954,80,46049
1952,40832,16416.465324,156954,50,29270.5925802673
1952,40832,16416.465324,156954,90,51928
1952,40832,16416.465324,156954,95,65318
1952,40832,16416.465324,156954,99,144459
1952,40832,16416.465324,156954,99.5,218713
1952,40832,16416.465324,156954,99.9,497284
1952,40832,16416.465324,156954,99.99,1559300
1953,41202,16905.97994,159565,20,16100
1953,41202,16905.97994,159565,40,27322
1953,41202,16905.97994,159565,60,36663
1953,41202,16905.97994,159565,80,49376
1953,41202,16905.97994,159565,50,31649.7470132069
1953,41202,16905.97994,159565,90,53287
1953,41202,16905.97994,159565,95,66868
1953,41202,16905.97994,159565,99,142592
1953,41202,16905.97994,159565,99.5,211860
1953,41202,16905.97994,159565,99.9,465173
1953,41202,16905.97994,159565,99.99,1400826
1954,41951,16518.009994,162391,20,15010
1954,41951,16518.009994,162391,40,26402
1954,41951,16518.009994,162391,60,35742
1954,41951,16518.009994,162391,80,48969
1954,41951,16518.009994,162391,50,30719.0540869995
1954,41951,16518.009994,162391,90,53441
1954,41951,16518.009994,162391,95,68546
1954,41951,16518.009994,162391,99,150457
1954,41951,16518.009994,162391,99.5,222702
1954,41951,16518.009994,162391,99.9,519497
1954,41951,16518.009994,162391,99.99,1652847
1955,42889,17386.138165,165275,20,16643
1955,42889,17386.138165,165275,40,28325
1955,42889,17386.138165,165275,60,38081
1955,42889,17386.138165,165275,80,51577
1955,42889,17386.138165,165275,50,32842.7210352614
1955,42889,17386.138165,165275,90,58502
1955,42889,17386.138165,165275,95,75494
1955,42889,17386.138165,165275,99,162683
1955,42889,17386.138165,165275,99.5,242823
1955,42889,17386.138165,165275,99.9,572363
1955,42889,17386.138165,165275,99.99,1892250
1956,43497,17445.584326,168221,20,17989
1956,43497,17445.584326,168221,40,30274
1956,43497,17445.584326,168221,60,40161
1956,43497,17445.584326,168221,80,54454
1956,43497,17445.584326,168221,50,34868.8129135478
1956,43497,17445.584326,168221,90,60261
1956,43497,17445.584326,168221,95,77500
1956,43497,17445.584326,168221,99,163383
1956,43497,17445.584326,168221,99.5,246756
1956,43497,17445.584326,168221,99.9,585061
1956,43497,17445.584326,168221,99.99,1826274
1957,43696,17495.128044,171274,20,17774
1957,43696,17495.128044,171274,40,30248
1957,43696,17495.128044,171274,60,39964
1957,43696,17495.128044,171274,80,53616
1957,43696,17495.128044,171274,50,34768.2480432938
1957,43696,17495.128044,171274,90,61025
1957,43696,17495.128044,171274,95,78394
1957,43696,17495.128044,171274,99,160721
1957,43696,17495.128044,171274,99.5,237669
1957,43696,17495.128044,171274,99.9,549328
1957,43696,17495.128044,171274,99.99,1665049
1958,44232,17081.063113,174141,20,17590
1958,44232,17081.063113,174141,40,29834
1958,44232,17081.063113,174141,60,39769
1958,44232,17081.063113,174141,80,54230
1958,44232,17081.063113,174141,50,34445.1498182255
1958,44232,17081.063113,174141,90,60928
1958,44232,17081.063113,174141,95,79375
1958,44232,17081.063113,174141,99,158115
1958,44232,17081.063113,174141,99.5,233363
1958,44232,17081.063113,174141,99.9,537411
1958,44232,17081.063113,174141,99.99,1675370
1959,45111,17951.827035,177130,20,18460
1959,45111,17951.827035,177130,40,31479
1959,45111,17951.827035,177130,60,41933
1959,45111,17951.827035,177130,80,57786
1959,45111,17951.827035,177130,50,36331.9268275163
1959,45111,17951.827035,177130,90,64107
1959,45111,17951.827035,177130,95,87316
1959,45111,17951.827035,177130,99,172888
1959,45111,17951.827035,177130,99.5,271542
1959,45111,17951.827035,177130,99.9,614121
1959,45111,17951.827035,177130,99.99,1912328
1960,45539,18042.71319,180760,20,18889
1960,45539,18042.71319,180760,40,32567
1960,45539,18042.71319,180760,60,43178
1960,45539,18042.71319,180760,80,59705
1960,45539,18042.71319,180760,50,37499.0390010197
1960,45539,18042.71319,180760,90,65660
1960,45539,18042.71319,180760,95,79364
1960,45539,18042.71319,180760,99,169120
1960,45539,18042.71319,180760,99.5,245965
1960,45539,18042.71319,180760,99.9,563090
1960,45539,18042.71319,180760,99.99,1891806
1961,46418,18203.094963,183742,20,18808
1961,46418,18203.094963,183742,40,32377
1961,46418,18203.094963,183742,60,44064
1961,46418,18203.094963,183742,80,60689
1961,46418,18203.094963,183742,50,37771.1547083221
1961,46418,18203.094963,183742,90,66926
1961,46418,18203.094963,183742,95,87237
1961,46418,18203.094963,183742,99,175510
1961,46418,18203.094963,183742,99.5,256348
1961,46418,18203.094963,183742,99.9,618948
1961,46418,18203.094963,183742,99.99,2241772
1962,47059,19021.563905,186590,20,19953
1962,47059,19021.563905,186590,40,33254
1962,47059,19021.563905,186590,60,45226
1962,47059,19021.563905,186590,80,63183
1962,47059,19021.563905,186590,50,38780.7349595131
1962,47059,19021.563905,186590,90,70001
1962,47059,19021.563905,186590,95,88701
1962,47059,19021.563905,186590,99,176411
1962,47059,19021.563905,186590,99.5,257882
1962,47059,19021.563905,186590,99.9,589275
1962,47059,19021.563905,186590,99.99,1920891
1963,47540,19565.809733,189300,20,20311
1963,47540,19565.809733,189300,40,34114
1963,47540,19565.809733,189300,60,46801
1963,47540,19565.809733,189300,80,65400
1963,47540,19565.809733,189300,50,39957.0934128097
1963,47540,19565.809733,189300,90,72571
1963,47540,19565.809733,189300,95,92712
1963,47540,19565.809733,189300,99,182765
1963,47540,19565.809733,189300,99.5,264519
1963,47540,19565.809733,189300,99.9,599739
1963,47540,19565.809733,189300,99.99,1915864
1964,47956,20410.877708,191927,20,21035
1964,47956,20410.877708,191927,40,35597
1964,47956,20410.877708,191927,60,48541
1964,47956,20410.877708,191927,80,66023
1964,47956,20410.877708,191927,50,41568.1846728962
1964,47956,20410.877708,191927,90,76647
1964,47956,20410.877708,191927,95,95646
1964,47956,20410.877708,191927,99,206479
1964,47956,20410.877708,191927,99.5,288826
1964,47956,20410.877708,191927,99.9,618471
1964,47956,20410.877708,191927,99.99,2253818
1965,48509,21466.45923,194347,20,22310
1965,48509,21466.45923,194347,40,37372
1965,48509,21466.45923,194347,60,50421
1965,48509,21466.45923,194347,80,68842
1965,48509,21466.45923,194347,50,43408.9116656937
1965,48509,21466.45923,194347,90,80846
1965,48509,21466.45923,194347,95,100799
1965,48509,21466.45923,194347,99,220766
1965,48509,21466.45923,194347,99.5,307043
1965,48509,21466.45923,194347,99.9,643220
1965,48509,21466.45923,194347,99.99,2589695
1966,49214,22619.99408,196599,20,24391
1966,49214,22619.99408,196599,40,39658
1966,49214,22619.99408,196599,60,53078
1966,49214,22619.99408,196599,80,72151
1966,49214,22619.99408,196599,50,45879.9228857242
1966,49214,22619.99408,196599,90,81537
1966,49214,22619.99408,196599,95,103868
1966,49214,22619.99408,196599,99,211942
1966,49214,22619.99408,196599,99.5,306952
1966,49214,22619.99408,196599,99.9,669669
1966,49214,22619.99408,196599,99.99,2460505
1967,50111,22989.429761,198752,20,24698
1967,50111,22989.429761,198752,40,40542
1967,50111,22989.429761,198752,60,54367
1967,50111,22989.429761,198752,80,74533
1967,50111,22989.429761,198752,50,46948.3430378538
1967,50111,22989.429761,198752,90,83850
1967,50111,22989.429761,198752,95,108772
1967,50111,22989.429761,198752,99,228042
1967,50111,22989.429761,198752,99.5,327355
1967,50111,22989.429761,198752,99.9,741280
1967,50111,22989.429761,198752,99.99,2835653
1968,50823,23878.01388,200745,20,26282
1968,50823,23878.01388,200745,40,42222
1968,50823,23878.01388,200745,60,57607
1968,50823,23878.01388,200745,80,77504
1968,50823,23878.01388,200745,50,49318.1787376622
1968,50823,23878.01388,200745,90,87537
1968,50823,23878.01388,200745,95,113601
1968,50823,23878.01388,200745,99,240601
1968,50823,23878.01388,200745,99.5,347067
1968,50823,23878.01388,200745,99.9,822299
1968,50823,23878.01388,200745,99.99,3247135
1969,51586,24385.243683,202736,20,27685
1969,51586,24385.243683,202736,40,44296
1969,51586,24385.243683,202736,60,59799
1969,51586,24385.243683,202736,80,81675
1969,51586,24385.243683,202736,50,51467.0428915437
1969,51586,24385.243683,202736,90,88831
1969,51586,24385.243683,202736,95,113510
1969,51586,24385.243683,202736,99,226805
1969,51586,24385.243683,202736,99.5,325093
1969,51586,24385.243683,202736,99.9,727964
1969,51586,24385.243683,202736,99.99,3005144
1970,52227,24155.639318,205089,20,26913
1970,52227,24155.639318,205089,40,43905
1970,52227,24155.639318,205089,60,59625
1970,52227,24155.639318,205089,80,81957
1970,52227,24155.639318,205089,50,51164.7889177704
1970,52227,24155.639318,205089,90,88450
1970,52227,24155.639318,205089,95,112141
1970,52227,24155.639318,205089,99,214726
1970,52227,24155.639318,205089,99.5,299235
1970,52227,24155.639318,205089,99.9,625572
1970,52227,24155.639318,205089,99.99,2113010
1971,53296,24638.107763,207692,20,26344
1971,53296,24638.107763,207692,40,43619
1971,53296,24638.107763,207692,60,59786
1971,53296,24638.107763,207692,80,81990
1971,53296,24638.107763,207692,50,51066.6773346377
1971,53296,24638.107763,207692,90,89763
1971,53296,24638.107763,207692,95,114953
1971,53296,24638.107763,207692,99,222489
1971,53296,24638.107763,207692,99.5,308895
1971,53296,24638.107763,207692,99.9,656323
1971,53296,24638.107763,207692,99.99,2322711
1972,54373,25655.72817,209924,20,27545
1972,54373,25655.72817,209924,40,45647
1972,54373,25655.72817,209924,60,63096
1972,54373,25655.72817,209924,80,87171
1972,54373,25655.72817,209924,50,53666.964810766
1972,54373,25655.72817,209924,90,94439
1972,54373,25655.72817,209924,95,120830
1972,54373,25655.72817,209924,99,235328
1972,54373,25655.72817,209924,99.5,332098
1972,54373,25655.72817,209924,99.9,713071
1972,54373,25655.72817,209924,99.99,2546847
1973,55053,26845.70149,211939,20,28089
1973,55053,26845.70149,211939,40,46349
1973,55053,26845.70149,211939,60,64668
1973,55053,26845.70149,211939,80,88933
1973,55053,26845.70149,211939,50,54747.576494307
1973,55053,26845.70149,211939,90,95902
1973,55053,26845.70149,211939,95,123518
1973,55053,26845.70149,211939,99,240363
1973,55053,26845.70149,211939,99.5,328392
1973,55053,26845.70149,211939,99.9,685448
1973,55053,26845.70149,211939,99.99,2278492
1974,55698,26462.372986,213898,20,28164
1974,55698,26462.372986,213898,40,46015
1974,55698,26462.372986,213898,60,63316
1974,55698,26462.372986,213898,80,87462
1974,55698,26462.372986,213898,50,53976.7147944371
1974,55698,26462.372986,213898,90,92992
1974,55698,26462.372986,213898,95,120569
1974,55698,26462.372986,213898,99,226613
1974,55698,26462.372986,213898,99.5,314586
1974,55698,26462.372986,213898,99.9,681786
1974,55698,26462.372986,213898,99.99,2131758
1975,56245,26155.134728,215981,20,27112
1975,56245,26155.134728,215981,40,44643
1975,56245,26155.134728,215981,60,62085
1975,56245,26155.134728,215981,80,85961
1975,56245,26155.134728,215981,50,52646.5635630665
1975,56245,26155.134728,215981,90,89924
1975,56245,26155.134728,215981,95,114443
1975,56245,26155.134728,215981,99,213587
1975,56245,26155.134728,215981,99.5,293415
1975,56245,26155.134728,215981,99.9,592124
1975,56245,26155.134728,215981,99.99,1848829
1976,56710,27298.095071,218086,20,27537
1976,56710,27298.095071,218086,40,45861
1976,56710,27298.095071,218086,60,63793
1976,56710,27298.095071,218086,80,88105
1976,56710,27298.095071,218086,50,54088.9154356047
1976,56710,27298.095071,218086,90,92568
1976,56710,27298.095071,218086,95,117966
1976,56710,27298.095071,218086,99,219046
1976,56710,27298.095071,218086,99.5,298829
1976,56710,27298.095071,218086,99.9,611948
1976,56710,27298.095071,218086,99.99,1924541
1977,57215,28270.697691,220289,20,27611
1977,57215,28270.697691,220289,40,46238
1977,57215,28270.697691,220289,60,65369
1977,57215,28270.697691,220289,80,90067
1977,57215,28270.697691,220289,50,54977.557439377
1977,57215,28270.697691,220289,90,93591
1977,57215,28270.697691,220289,95,119687
1977,57215,28270.697691,220289,99,222475
1977,57215,28270.697691,220289,99.5,304187
1977,57215,28270.697691,220289,99.9,630465
1977,57215,28270.697691,220289,99.99,2056801
1978,57804,29529.158533,222629,20,28449
1978,57804,29529.158533,222629,40,47802
1978,57804,29529.158533,222629,60,66923
1978,57804,29529.158533,222629,80,93021
1978,57804,29529.158533,222629,50,56560.1736737079
1978,57804,29529.158533,222629,90,95296
1978,57804,29529.158533,222629,95,121481
1978,57804,29529.158533,222629,99,225622
1978,57804,29529.158533,222629,99.5,309660
1978,57804,29529.158533,222629,99.9,645419
1978,57804,29529.158533,222629,99.99,2018698
1979,59550,30131.611404,225106,20,29066
1979,59550,30131.611404,225106,40,47795
1979,59550,30131.611404,225106,60,67711
1979,59550,30131.611404,225106,80,93237
1979,59550,30131.611404,225106,50,56888.0237396238
1979,59550,30131.611404,225106,90,95273
1979,59550,30131.611404,225106,95,122252
1979,59550,30131.611404,225106,99,231318
1979,59550,30131.611404,225106,99.5,325904
1979,59550,30131.611404,225106,99.9,729144
1979,59550,30131.611404,225106,99.99,2906708
1980,60309,29712.085953,227726,20,27592
1980,60309,29712.085953,227726,40,46455
1980,60309,29712.085953,227726,60,65795
1980,60309,29712.085953,227726,80,92325
1980,60309,29712.085953,227726,50,55285.6828211428
1980,60309,29712.085953,227726,90,94057
1980,60309,29712.085953,227726,95,120204
1980,60309,29712.085953,227726,99,227595
1980,60309,29712.085953,227726,99.5,320083
1980,60309,29712.085953,227726,99.9,731318
1980,60309,29712.085953,227726,99.99,2774744
1981,61019,30180.651074,230008,20,26683
1981,61019,30180.651074,230008,40,45420
1981,61019,30180.651074,230008,60,64819
1981,61019,30180.651074,230008,80,91567
1981,61019,30180.651074,230008,50,54259.367670477
1981,61019,30180.651074,230008,90,92777
1981,61019,30180.651074,230008,95,118398
1981,61019,30180.651074,230008,99,217833
1981,61019,30180.651074,230008,99.5,305654
1981,61019,30180.651074,230008,99.9,735352
1981,61019,30180.651074,230008,99.99,2880738
1982,61393,29322.288833,232218,20,26042
1982,61393,29322.288833,232218,40,44599
1982,61393,29322.288833,232218,60,63853
1982,61393,29322.288833,232218,80,91615
1982,61393,29322.288833,232218,50,53364.5945079694
1982,61393,29322.288833,232218,90,91836
1982,61393,29322.288833,232218,95,116523
1982,61393,29322.288833,232218,99,217546
1982,61393,29322.288833,232218,99.5,307822
1982,61393,29322.288833,232218,99.9,773150
1982,61393,29322.288833,232218,99.99,3460786
1983,62015,30403.797324,234333,20,25931
1983,62015,30403.797324,234333,40,44414
1983,62015,30403.797324,234333,60,64581
1983,62015,30403.797324,234333,80,92345
1983,62015,30403.797324,234333,50,53556.5171944554
1983,62015,30403.797324,234333,90,92419
1983,62015,30403.797324,234333,95,118865
1983,62015,30403.797324,234333,99,225854
1983,62015,30403.797324,234333,99.5,324009
1983,62015,30403.797324,234333,99.9,848233
1983,62015,30403.797324,234333,99.99,3724338
1984,62706,32326.48842,236394,20,26469
1984,62706,32326.48842,236394,40,46042
1984,62706,32326.48842,236394,60,66691
1984,62706,32326.48842,236394,80,95904
1984,62706,32326.48842,236394,50,55412.8777632059
1984,62706,32326.48842,236394,90,94849
1984,62706,32326.48842,236394,95,123194
1984,62706,32326.48842,236394,99,236533
1984,62706,32326.48842,236394,99.5,336670
1984,62706,32326.48842,236394,99.9,879457
1984,62706,32326.48842,236394,99.99,4336427
1985,63558,33398.504007,238506,20,27035
1985,63558,33398.504007,238506,40,46573
1985,63558,33398.504007,238506,60,67464
1985,63558,33398.504007,238506,80,98146
1985,63558,33398.504007,238506,50,56053.5536072424
1985,63558,33398.504007,238506,90,97106
1985,63558,33398.504007,238506,95,127617
1985,63558,33398.504007,238506,99,251585
1985,63558,33398.504007,238506,99.5,358239
1985,63558,33398.504007,238506,99.9,1010074
1985,63558,33398.504007,238506,99.99,4634247
1986,64491,34258.714424,240683,20,27983
1986,64491,34258.714424,240683,40,48171
1986,64491,34258.714424,240683,60,70198
1986,64491,34258.714424,240683,80,101080
1986,64491,34258.714424,240683,50,58150.7339420579
1986,64491,34258.714424,240683,90,101086
1986,64491,34258.714424,240683,95,136431
1986,64491,34258.714424,240683,99,286619
1986,64491,34258.714424,240683,99.5,462468
1986,64491,34258.714424,240683,99.9,1292177
1986,64491,34258.714424,240683,99.99,6999670
1987,65204,35129.31033,242843,20,28225
1987,65204,35129.31033,242843,40,48689
1987,65204,35129.31033,242843,60,71154
1987,65204,35129.31033,242843,80,103113
1987,65204,35129.31033,242843,50,58859.2992313024
1987,65204,35129.31033,242843,90,100982
1987,65204,35129.31033,242843,95,130668
1987,65204,35129.31033,242843,99,264424
1987,65204,35129.31033,242843,99.5,383445
1987,65204,35129.31033,242843,99.9,965452
1987,65204,35129.31033,242843,99.99,3922394
1988,65837,36274.706905,245061,20,28166
1988,65837,36274.706905,245061,40,48831
1988,65837,36274.706905,245061,60,71804
1988,65837,36274.706905,245061,80,104267
1988,65837,36274.706905,245061,50,59213.6903426902
1988,65837,36274.706905,245061,90,102248
1988,65837,36274.706905,245061,95,134223
1988,65837,36274.706905,245061,99,287756
1988,65837,36274.706905,245061,99.5,439068
1988,65837,36274.706905,245061,99.9,1250581
1988,65837,36274.706905,245061,99.99,5794640
1989,66090,37256.308882,247387,20,28612
1989,66090,37256.308882,247387,40,50062
1989,66090,37256.308882,247387,60,72947
1989,66090,37256.308882,247387,80,106470
1989,66090,37256.308882,247387,50,60430.726571836
1989,66090,37256.308882,247387,90,102854
1989,66090,37256.308882,247387,95,135907
1989,66090,37256.308882,247387,99,286946
1989,66090,37256.308882,247387,99.5,434471
1989,66090,37256.308882,247387,99.9,1155888
1989,66090,37256.308882,247387,99.99,5000383
1990,66322,37547.071071,250181,20,28689
1990,66322,37547.071071,250181,40,49463
1990,66322,37547.071071,250181,60,71595
1990,66322,37547.071071,250181,80,104719
1990,66322,37547.071071,250181,50,59508.852156633
1990,66322,37547.071071,250181,90,101217
1990,66322,37547.071071,250181,95,133087
1990,66322,37547.071071,250181,99,278970
1990,66322,37547.071071,250181,99.5,423099
1990,66322,37547.071071,250181,99.9,1126027
1990,66322,37547.071071,250181,99.99,4746961
1991,67173,37024.173776,253530,20,27949
1991,67173,37024.173776,253530,40,47861
1991,67173,37024.173776,253530,60,70695
1991,67173,37024.173776,253530,80,103562
1991,67173,37024.173776,253530,50,58168.1475981486
1991,67173,37024.173776,253530,90,101283
1991,67173,37024.173776,253530,95,134359
1991,67173,37024.173776,253530,99,270637
1991,67173,37024.173776,253530,99.5,404542
1991,67173,37024.173776,253530,99.9,1017937
1991,67173,37024.173776,253530,99.99,4098306
1992,68216,37834.283922,256922,20,26798
1992,68216,37834.283922,256922,40,47580
1992,68216,37834.283922,256922,60,70551
1992,68216,37834.283922,256922,80,102699
1992,68216,37834.283922,256922,50,57938.0408712618
1992,68216,37834.283922,256922,90,101106
1992,68216,37834.283922,256922,95,133130
1992,68216,37834.283922,256922,99,281705
1992,68216,37834.283922,256922,99.5,427414
1992,68216,37834.283922,256922,99.9,1118561
1992,68216,37834.283922,256922,99.99,4931449
1993,68506,38371.042537,260282,20,26554
1993,68506,38371.042537,260282,40,46942
1993,68506,38371.042537,260282,60,70460
1993,68506,38371.042537,260282,80,104515
1993,68506,38371.042537,260282,50,57511.1582216877
1993,68506,38371.042537,260282,90,101122
1993,68506,38371.042537,260282,95,133354
1993,68506,38371.042537,260282,99,282509
1993,68506,38371.042537,260282,99.5,414915
1993,68506,38371.042537,260282,99.9,1069678
1993,68506,38371.042537,260282,99.99,4575756
1994,69313,39439.088746,263455,20,27485
1994,69313,39439.088746,263455,40,47953
1994,69313,39439.088746,263455,60,72005
1994,69313,39439.088746,263455,80,107239
1994,69313,39439.088746,263455,50,58761.0054798248
1994,69313,39439.088746,263455,90,102630
1994,69313,39439.088746,263455,95,136422
1994,69313,39439.088746,263455,99,289648
1994,69313,39439.088746,263455,99.5,423487
1994,69313,39439.088746,263455,99.9,1091132
1994,69313,39439.088746,263455,99.99,4686668
1995,69597,40035.188512,266588,20,28529
1995,69597,40035.188512,266588,40,49346
1995,69597,40035.188512,266588,60,73282
1995,69597,40035.188512,266588,80,108101
1995,69597,40035.188512,266588,50,60134.6287258847
1995,69597,40035.188512,266588,90,105319
1995,69597,40035.188512,266588,95,140713
1995,69597,40035.188512,266588,99,303934
1995,69597,40035.188512,266588,99.5,451369
1995,69597,40035.188512,266588,99.9,1191111
1995,69597,40035.188512,266588,99.99,5324879
1996,70241,41073.243865,269714,20,28678
1996,70241,41073.243865,269714,40,50004
1996,70241,41073.243865,269714,60,74443
1996,70241,41073.243865,269714,80,109752
1996,70241,41073.243865,269714,50,61011.8658295253
1996,70241,41073.243865,269714,90,104423
1996,70241,41073.243865,269714,95,142352
1996,70241,41073.243865,269714,99,323492
1996,70241,41073.243865,269714,99.5,488866
1996,70241,41073.243865,269714,99.9,1335255
1996,70241,41073.243865,269714,99.99,6438531
1997,70884,42406.335314,272958,20,29364
1997,70884,42406.335314,272958,40,51350
1997,70884,42406.335314,272958,60,76478
1997,70884,42406.335314,272958,80,114112
1997,70884,42406.335314,272958,50,62666.9394497609
1997,70884,42406.335314,272958,90,108571
1997,70884,42406.335314,272958,95,148693
1997,70884,42406.335314,272958,99,348589
1997,70884,42406.335314,272958,99.5,532013
1997,70884,42406.335314,272958,99.9,1534707
1997,70884,42406.335314,272958,99.99,7725466
1998,71551,43780.716695,276154,20,30386
1998,71551,43780.716695,276154,40,53024
1998,71551,43780.716695,276154,60,78807
1998,71551,43780.716695,276154,80,117736
1998,71551,43780.716695,276154,50,64642.5739586536
1998,71551,43780.716695,276154,90,112632
1998,71551,43780.716695,276154,95,155859
1998,71551,43780.716695,276154,99,368725
1998,71551,43780.716695,276154,99.5,576824
1998,71551,43780.716695,276154,99.9,1717648
1998,71551,43780.716695,276154,99.99,9080061
1999,73206,45380.974586,279328,20,31413
1999,73206,45380.974586,279328,40,54421
1999,73206,45380.974586,279328,60,81675
1999,73206,45380.974586,279328,80,121311
1999,73206,45380.974586,279328,50,66669.5970814284
1999,73206,45380.974586,279328,90,116917
1999,73206,45380.974586,279328,95,162182
1999,73206,45380.974586,279328,99,395789
1999,73206,45380.974586,279328,99.5,619103
1999,73206,45380.974586,279328,99.9,1897323
1999,73206,45380.974586,279328,99.99,10171760
2000,73778,46723.831965,282398,20,32000
2000,73778,46723.831965,282398,40,54453
2000,73778,46723.831965,282398,60,81767
2000,73778,46723.831965,282398,80,121832
2000,73778,46723.831965,282398,50,66726.7446456067
2000,73778,46723.831965,282398,90,119963
2000,73778,46723.831965,282398,95,170032
2000,73778,46723.831965,282398,99,418237
2000,73778,46723.831965,282398,99.5,643835
2000,73778,46723.831965,282398,99.9,2063277
2000,73778,46723.831965,282398,99.99,11668765
2001,74340,46699.585156,285225,20,31126
2001,74340,46699.585156,285225,40,53339
2001,74340,46699.585156,285225,60,81058
2001,74340,46699.585156,285225,80,122105
2001,74340,46699.585156,285225,50,65753.7273620287
2001,74340,46699.585156,285225,90,116705
2001,74340,46699.585156,285225,95,162631
2001,74340,46699.585156,285225,99,376479
2001,74340,46699.585156,285225,99.5,568240
2001,74340,46699.585156,285225,99.9,1645796
2001,74340,46699.585156,285225,99.99,8110433
2002,75616,47078.450735,287955,20,30631
2002,75616,47078.450735,287955,40,52890
2002,75616,47078.450735,287955,60,80407
2002,75616,47078.450735,287955,80,120571
2002,75616,47078.450735,287955,50,65212.9299295776
2002,75616,47078.450735,287955,90,113370
2002,75616,47078.450735,287955,95,156302
2002,75616,47078.450735,287955,99,351724
2002,75616,47078.450735,287955,99.5,528020
2002,75616,47078.450735,287955,99.9,1445167
2002,75616,47078.450735,287955,99.99,6781853
2003,76232,47947.629006,290626,20,30108
2003,76232,47947.629006,290626,40,52505
2003,76232,47947.629006,290626,60,81148
2003,76232,47947.629006,290626,80,122595
2003,76232,47947.629006,290626,50,65273.8518857283
2003,76232,47947.629006,290626,90,112635
2003,76232,47947.629006,290626,95,155449
2003,76232,47947.629006,290626,99,351898
2003,76232,47947.629006,290626,99.5,529876
2003,76232,47947.629006,290626,99.9,1473864
2003,76232,47947.629006,290626,99.99,7125299
2004,76866,49321.348824,293262,20,30112
2004,76866,49321.348824,293262,40,52756
2004,76866,49321.348824,293262,60,80007
2004,76866,49321.348824,293262,80,121557
2004,76866,49321.348824,293262,50,64968.063631295
2004,76866,49321.348824,293262,90,114516
2004,76866,49321.348824,293262,95,160076
2004,76866,49321.348824,293262,99,382162
2004,76866,49321.348824,293262,99.5,583407
2004,76866,49321.348824,293262,99.9,1751929
2004,76866,49321.348824,293262,99.99,9148783
2005,77418,50503.908438,295993,20,30128
2005,77418,50503.908438,295993,40,52951
2005,77418,50503.908438,295993,60,80335
2005,77418,50503.908438,295993,80,121260
2005,77418,50503.908438,295993,50,65221.304686429
2005,77418,50503.908438,295993,90,116706
2005,77418,50503.908438,295993,95,164797
2005,77418,50503.908438,295993,99,412213
2005,77418,50503.908438,295993,99.5,642055
2005,77418,50503.908438,295993,99.9,2026280
2005,77418,50503.908438,295993,99.99,11273452
2006,78454,51360.433004,298818,20,30748
2006,78454,51360.433004,298818,40,53524
2006,78454,51360.433004,298818,60,81083
2006,78454,51360.433004,298818,80,124301
2006,78454,51360.433004,298818,50,65877.8148696509
2006,78454,51360.433004,298818,90,118845
2006,78454,51360.433004,298818,95,168349
2006,78454,51360.433004,298818,99,428594
2006,78454,51360.433004,298818,99.5,674906
2006,78454,51360.433004,298818,99.9,2174835
2006,78454,51360.433004,298818,99.99,11936625
2007,77908,51781.019056,301696,20,30856
2007,77908,51781.019056,301696,40,54827
2007,77908,51781.019056,301696,60,83054
2007,77908,51781.019056,301696,80,124734
2007,77908,51781.019056,301696,50,67480.3798003538
2007,77908,51781.019056,301696,90,121396
2007,77908,51781.019056,301696,95,172037
2007,77908,51781.019056,301696,99,441720
2007,77908,51781.019056,301696,99.5,699934
2007,77908,51781.019056,301696,99.9,2273381
2007,77908,51781.019056,301696,99.99,12708323
2008,78874,51147.997774,304543,20,29646
2008,78874,51147.997774,304543,40,52601
2008,78874,51147.997774,304543,60,79981
2008,78874,51147.997774,304543,80,120723
2008,78874,51147.997774,304543,50,64862.0118482305
2008,78874,51147.997774,304543,90,116301
2008,78874,51147.997774,304543,95,162863
2008,78874,51147.997774,304543,99,392680
2008,78874,51147.997774,304543,99.5,595812
2008,78874,51147.997774,304543,99.9,1807653
2008,78874,51147.997774,304543,99.99,9747948
2009,78867,49278.210716,307240,20,28832
2009,78867,49278.210716,307240,40,51291
2009,78867,49278.210716,307240,60,78507
2009,78867,49278.210716,307240,80,120471
2009,78867,49278.210716,307240,50,63456.3041549065
2009,78867,49278.210716,307240,90,113563
2009,78867,49278.210716,307240,95,156709
2009,78867,49278.210716,307240,99,352276
2009,78867,49278.210716,307240,99.5,519944
2009,78867,49278.210716,307240,99.9,1428056
2009,78867,49278.210716,307240,99.99,6985550
2010,79559,50100.228996,309776,20,27928
2010,79559,50100.228996,309776,40,50548
2010,79559,50100.228996,309776,60,77929
2010,79559,50100.228996,309776,80,119463
2010,79559,50100.228996,309776,50,62762.6886932037
2010,79559,50100.228996,309776,90,113571
2010,79559,50100.228996,309776,95,158230
2010,79559,50100.228996,309776,99,365026
2010,79559,50100.228996,309776,99.5,545224
2010,79559,50100.228996,309776,99.9,1560625
2010,79559,50100.228996,309776,99.99,8271544
2011,80529,50656.099431,312036,20,27787
2011,80529,50656.099431,312036,40,49515
2011,80529,50656.099431,312036,60,76567
2011,80529,50656.099431,312036,80,118286
2011,80529,50656.099431,312036,50,61572.8430803711
2011,80529,50656.099431,312036,90,112852
2011,80529,50656.099431,312036,95,158268
2011,80529,50656.099431,312036,99,368505
2011,80529,50656.099431,312036,99.5,552862
2011,80529,50656.099431,312036,99.9,1582160
2011,80529,50656.099431,312036,99.99,8120723
2012,80944,51692.390616,314278,20,27794
2012,80944,51692.390616,314278,40,49788
2012,80944,51692.390616,314278,60,76538
2012,80944,51692.390616,314278,80,119001
2012,80944,51692.390616,314278,50,61730.6564358423
2012,80944,51692.390616,314278,90,113820
2012,80944,51692.390616,314278,95,161438
2012,80944,51692.390616,314278,99,393941
2012,80944,51692.390616,314278,99.5,611805
2012,80944,51692.390616,314278,99.9,1906047
2012,80944,51692.390616,314278,99.99,10256235
